{
  "unconstrained_max_quality": {
    "combined_score": 0.5474651909601377,
    "error_flag_accuracy": 0.67,
    "avg_error_sentence_jaccard": 0.5663781230070055,
    "avg_corrected_sentence_jaccard": 0.2834826408335453,
    "total_cases": 100,
    "num_error_cases": 57,
    "num_corrected_cases": 57,
    "optimization_time": 111.41005897521973,
    "optimization_cost": 0.2905641,
    "plan_execution_time": 59.41255974769592,
    "plan_execution_cost": 0.8395500000000002,
    "total_execution_time": 170.82261872291565,
    "total_execution_cost": 1.1301141000000001,
    "output_file": "experiments/reasoning/othersystems/medec/pz-unconstrained.json",
    "sentinel_strategy": "mab",
    "k": 6,
    "j": 4,
    "sample_budget": 50
  },
  "budget_75_percent": {
    "combined_score": 0.4919226043197748,
    "error_flag_accuracy": 0.62,
    "avg_error_sentence_jaccard": 0.5237387186929521,
    "avg_corrected_sentence_jaccard": 0.2039516985861471,
    "total_cases": 100,
    "num_error_cases": 57,
    "num_corrected_cases": 57,
    "optimization_time": 136.55540990829468,
    "optimization_cost": 0.27668030000000005,
    "plan_execution_time": 38.87320303916931,
    "plan_execution_cost": 0.3730279000000002,
    "total_execution_time": 175.428612947464,
    "total_execution_cost": 0.6497082000000003,
    "output_file": "experiments/reasoning/othersystems/medec/pz-75pct.json",
    "sentinel_strategy": "mab",
    "k": 6,
    "j": 4,
    "sample_budget": 50
  },
  "budget_50_percent": {
    "combined_score": 0.5195346754525744,
    "error_flag_accuracy": 0.66,
    "avg_error_sentence_jaccard": 0.5593016632490316,
    "avg_corrected_sentence_jaccard": 0.19883703856126572,
    "total_cases": 100,
    "num_error_cases": 57,
    "num_corrected_cases": 57,
    "optimization_time": 140.12946891784668,
    "optimization_cost": 0.2785744,
    "plan_execution_time": 40.919167041778564,
    "plan_execution_cost": 0.36878659999999985,
    "total_execution_time": 181.04863595962524,
    "total_execution_cost": 0.6473609999999999,
    "output_file": "experiments/reasoning/othersystems/medec/pz-50pct.json",
    "sentinel_strategy": "mab",
    "k": 6,
    "j": 4,
    "sample_budget": 50
  },
  "budget_25_percent": {
    "combined_score": 0.48377844492685956,
    "error_flag_accuracy": 0.61,
    "avg_error_sentence_jaccard": 0.510689434940007,
    "avg_corrected_sentence_jaccard": 0.20442434476743113,
    "total_cases": 100,
    "num_error_cases": 57,
    "num_corrected_cases": 57,
    "optimization_time": 128.36284494400024,
    "optimization_cost": 0.2755533,
    "plan_execution_time": 34.13309693336487,
    "plan_execution_cost": 0.04663360000000002,
    "total_execution_time": 162.4959418773651,
    "total_execution_cost": 0.3221869,
    "output_file": "experiments/reasoning/othersystems/medec/pz-25pct.json",
    "sentinel_strategy": "mab",
    "k": 6,
    "j": 4,
    "sample_budget": 50
  },
  "budget_10_percent": {
    "combined_score": 0.4684565703895221,
    "error_flag_accuracy": 0.59,
    "avg_error_sentence_jaccard": 0.480937386200544,
    "avg_corrected_sentence_jaccard": 0.21288889535754457,
    "total_cases": 100,
    "num_error_cases": 57,
    "num_corrected_cases": 57,
    "optimization_time": 112.50539803504944,
    "optimization_cost": 0.25064190000000003,
    "plan_execution_time": 34.03295612335205,
    "plan_execution_cost": 0.04656480000000001,
    "total_execution_time": 146.5383541584015,
    "total_execution_cost": 0.29720670000000005,
    "output_file": "experiments/reasoning/othersystems/medec/pz-10pct.json",
    "sentinel_strategy": "mab",
    "k": 6,
    "j": 4,
    "sample_budget": 50
  },
  "metadata": {
    "seed": 42,
    "num_texts": 100,
    "unconstrained_cost": 0.8395500000000002,
    "budget_fractions": [
      0.75,
      0.5,
      0.25,
      0.1
    ],
    "budget_targets": {
      "budget_75_percent": 0.6296625000000002,
      "budget_50_percent": 0.4197750000000001,
      "budget_25_percent": 0.20988750000000006,
      "budget_10_percent": 0.08395500000000003
    },
    "sentinel_execution_strategy": "mab",
    "k": 6,
    "j": 4,
    "sample_budget": 50,
    "exp_name": null,
    "system": "palimpzest"
  }
}