{
  "unconstrained_max_quality": {
    "sentiment_accuracy": 0.6909135338345865,
    "kendall_tau_score": 0.6469103641456581,
    "weighted_score": 0.6689119489901225,
    "combined_accuracy_score": 0.6689119489901225,
    "valid_games_processed": 100,
    "optimization_time": 1991.1888341903687,
    "optimization_cost": 6.237725319999999,
    "plan_execution_time": 674.7880699634552,
    "plan_execution_cost": 28.711204000000002,
    "total_execution_time": 2665.976904153824,
    "total_execution_cost": 34.948929320000005,
    "output_file": "experiments/reasoning/othersystems/game_reviews/pz-unconstrained.json",
    "sentinel_strategy": "mab",
    "k": 3,
    "j": 4,
    "sample_budget": 50
  },
  "budget_75_percent": {
    "sentiment_accuracy": 0.6870000000000005,
    "kendall_tau_score": 0.6566993464052286,
    "weighted_score": 0.6718496732026139,
    "combined_accuracy_score": 0.6718496732026139,
    "valid_games_processed": 100,
    "optimization_time": 4745.556756973267,
    "optimization_cost": 5.7326455,
    "plan_execution_time": 1018.7085702419281,
    "plan_execution_cost": 29.108043499999997,
    "total_execution_time": 5764.265327215195,
    "total_execution_cost": 34.840689,
    "output_file": "experiments/reasoning/othersystems/game_reviews/pz-75pct.json",
    "sentinel_strategy": "mab",
    "k": 3,
    "j": 4,
    "sample_budget": 50
  },
  "budget_50_percent": {
    "sentiment_accuracy": 0.24650000000000002,
    "kendall_tau_score": 0.8321929824561406,
    "weighted_score": 0.5393464912280702,
    "combined_accuracy_score": 0.5393464912280702,
    "valid_games_processed": 100,
    "optimization_time": 4730.359887123108,
    "optimization_cost": 5.6212385000000005,
    "plan_execution_time": 365.4364929199219,
    "plan_execution_cost": 11.3124673,
    "total_execution_time": 5095.79638004303,
    "total_execution_cost": 16.9337058,
    "output_file": "experiments/reasoning/othersystems/game_reviews/pz-50pct.json",
    "sentinel_strategy": "mab",
    "k": 3,
    "j": 4,
    "sample_budget": 50
  },
  "budget_25_percent": {
    "sentiment_accuracy": 0.020120689655172413,
    "kendall_tau_score": 0.35598003629764063,
    "weighted_score": 0.18805036297640654,
    "combined_accuracy_score": 0.18805036297640654,
    "valid_games_processed": 100,
    "optimization_time": 4320.559149980545,
    "optimization_cost": 5.6258582,
    "plan_execution_time": 1286.7027819156647,
    "plan_execution_cost": 5.888173200000001,
    "total_execution_time": 5607.26193189621,
    "total_execution_cost": 11.5140314,
    "output_file": "experiments/reasoning/othersystems/game_reviews/pz-25pct.json",
    "sentinel_strategy": "mab",
    "k": 3,
    "j": 4,
    "sample_budget": 50
  },
  "budget_10_percent": {
    "sentiment_accuracy": 0.7047142857142857,
    "kendall_tau_score": 0.6605223843923532,
    "weighted_score": 0.6826183350533195,
    "combined_accuracy_score": 0.6826183350533195,
    "valid_games_processed": 100,
    "optimization_time": 3930.3512258529663,
    "optimization_cost": 5.6011199,
    "plan_execution_time": 332.2354152202606,
    "plan_execution_cost": 28.601796700000016,
    "total_execution_time": 4262.586641073227,
    "total_execution_cost": 34.202916600000016,
    "output_file": "experiments/reasoning/othersystems/game_reviews/pz-10pct.json",
    "sentinel_strategy": "mab",
    "k": 3,
    "j": 4,
    "sample_budget": 50
  },
  "metadata": {
    "seed": 42,
    "num_games": 100,
    "unconstrained_cost": 28.711204000000002,
    "budget_fractions": [
      0.75,
      0.5,
      0.25,
      0.1
    ],
    "budget_targets": {
      "budget_75_percent": 21.533403,
      "budget_50_percent": 14.355602000000001,
      "budget_25_percent": 7.1778010000000005,
      "budget_10_percent": 2.8711204000000006
    },
    "sentinel_execution_strategy": "mab",
    "k": 3,
    "j": 4,
    "sample_budget": 50,
    "exp_name": null,
    "system": "palimpzest"
  }
}