{
  "unconstrained_max_quality": {
    "precision": 0.6380384221310879,
    "recall": 0.5755325753904484,
    "f1": 0.5675686734907309,
    "optimization_time": 792.6605408191681,
    "optimization_cost": 3.1897057999999996,
    "plan_execution_time": 83.05088210105896,
    "plan_execution_cost": 4.3259349999999985,
    "total_execution_time": 875.711422920227,
    "total_execution_cost": 7.515640799999998,
    "output_file": "experiments/reasoning/othersystems/cuad/pz-unconstrained.json",
    "sentinel_strategy": "mab",
    "k": 6,
    "j": 4,
    "sample_budget": 50
  },
  "budget_75_percent": {
    "precision": 0.6217269017075564,
    "recall": 0.7991799547911372,
    "f1": 0.6815250199632588,
    "optimization_time": 621.304940700531,
    "optimization_cost": 3.4102557000000004,
    "plan_execution_time": 62.07004904747009,
    "plan_execution_cost": 0.7203976,
    "total_execution_time": 683.3749897480011,
    "total_execution_cost": 4.1306533000000005,
    "output_file": "experiments/reasoning/othersystems/cuad/pz-75pct.json",
    "sentinel_strategy": "mab",
    "k": 6,
    "j": 4,
    "sample_budget": 50
  },
  "budget_50_percent": {
    "precision": 0.6404896474750124,
    "recall": 0.8105433652703672,
    "f1": 0.6959208886398398,
    "optimization_time": 663.8834338188171,
    "optimization_cost": 3.4057785000000003,
    "plan_execution_time": 81.70305323600769,
    "plan_execution_cost": 0.7169303999999999,
    "total_execution_time": 745.5864870548248,
    "total_execution_cost": 4.1227089,
    "output_file": "experiments/reasoning/othersystems/cuad/pz-50pct.json",
    "sentinel_strategy": "mab",
    "k": 6,
    "j": 4,
    "sample_budget": 50
  },
  "budget_25_percent": {
    "precision": 0.6510550664588977,
    "recall": 0.8130087834693256,
    "f1": 0.7024068311245302,
    "optimization_time": 637.2741301059723,
    "optimization_cost": 3.417389,
    "plan_execution_time": 61.43557786941528,
    "plan_execution_cost": 0.7189640000000003,
    "total_execution_time": 698.7097079753876,
    "total_execution_cost": 4.136353000000001,
    "output_file": "experiments/reasoning/othersystems/cuad/pz-25pct.json",
    "sentinel_strategy": "mab",
    "k": 6,
    "j": 4,
    "sample_budget": 50
  },
  "budget_10_percent": {
    "precision": 0.6505416457313872,
    "recall": 0.5680988697271915,
    "f1": 0.5638695108387244,
    "optimization_time": 625.1587898731232,
    "optimization_cost": 3.4164918,
    "plan_execution_time": 72.94171595573425,
    "plan_execution_cost": 4.343835,
    "total_execution_time": 698.1005058288574,
    "total_execution_cost": 7.7603268000000005,
    "output_file": "experiments/reasoning/othersystems/cuad/pz-10pct.json",
    "sentinel_strategy": "mab",
    "k": 6,
    "j": 4,
    "sample_budget": 50
  },
  "metadata": {
    "seed": 42,
    "num_contracts": 100,
    "unconstrained_cost": 4.3259349999999985,
    "budget_fractions": [
      0.75,
      0.5,
      0.25,
      0.1
    ],
    "budget_targets": {
      "budget_75_percent": 3.244451249999999,
      "budget_50_percent": 2.1629674999999993,
      "budget_25_percent": 1.0814837499999996,
      "budget_10_percent": 0.43259349999999985
    },
    "sentinel_execution_strategy": "mab",
    "k": 6,
    "j": 4,
    "sample_budget": 50,
    "exp_name": null,
    "system": "palimpzest"
  }
}