{
  "unconstrained_max_quality": {
    "avg_rp_at_5": 0.0215,
    "avg_rp_at_10": 0.020722222222222225,
    "avg_term_recall": 0.04011904761904762,
    "total_documents": 100,
    "optimization_time": 806.0236051082611,
    "optimization_cost": 22.294938600000002,
    "plan_execution_time": 157.23125505447388,
    "plan_execution_cost": 37.8319587,
    "total_execution_time": 963.254860162735,
    "total_execution_cost": 60.1268973,
    "output_file": "experiments/reasoning/othersystems/biodex/pz-direct-unconstrained.json",
    "pipeline_type": "direct",
    "sentinel_strategy": "mab",
    "k": 6,
    "j": 4,
    "sample_budget": 150
  },
  "budget_75_percent": {
    "avg_rp_at_5": 0.027333333333333334,
    "avg_rp_at_10": 0.029333333333333336,
    "avg_term_recall": 0.0422375478927203,
    "total_documents": 100,
    "optimization_time": 948.0378360748291,
    "optimization_cost": 11.7455399,
    "plan_execution_time": 40.4855740070343,
    "plan_execution_cost": 0.03196,
    "total_execution_time": 988.5234100818634,
    "total_execution_cost": 11.7774999,
    "output_file": "experiments/reasoning/othersystems/biodex/pz-direct-75pct.json",
    "pipeline_type": "direct",
    "sentinel_strategy": "mab",
    "k": 6,
    "j": 4,
    "sample_budget": 150
  },
  "budget_50_percent": {
    "avg_rp_at_5": 0.18099999999999994,
    "avg_rp_at_10": 0.17722222222222217,
    "avg_term_recall": 0.278386525752287,
    "total_documents": 100,
    "optimization_time": 943.8500442504883,
    "optimization_cost": 13.888073400000001,
    "plan_execution_time": 35.44585394859314,
    "plan_execution_cost": 6.189023999999999,
    "total_execution_time": 979.2958981990814,
    "total_execution_cost": 20.0770974,
    "output_file": "experiments/reasoning/othersystems/biodex/pz-direct-50pct.json",
    "pipeline_type": "direct",
    "sentinel_strategy": "mab",
    "k": 6,
    "j": 4,
    "sample_budget": 150
  },
  "budget_25_percent": {
    "avg_rp_at_5": 0.025333333333333333,
    "avg_rp_at_10": 0.029833333333333333,
    "avg_term_recall": 0.03222605363984674,
    "total_documents": 100,
    "optimization_time": 1204.6367461681366,
    "optimization_cost": 13.4606544,
    "plan_execution_time": 48.72834372520447,
    "plan_execution_cost": 0.044930000000000005,
    "total_execution_time": 1253.365089893341,
    "total_execution_cost": 13.5055844,
    "output_file": "experiments/reasoning/othersystems/biodex/pz-direct-25pct.json",
    "pipeline_type": "direct",
    "sentinel_strategy": "mab",
    "k": 6,
    "j": 4,
    "sample_budget": 150
  },
  "budget_10_percent": {
    "avg_rp_at_5": 0.019333333333333334,
    "avg_rp_at_10": 0.017555555555555557,
    "avg_term_recall": 0.03244444444444445,
    "total_documents": 100,
    "optimization_time": 846.5751066207886,
    "optimization_cost": 12.609477900000002,
    "plan_execution_time": 52.851070404052734,
    "plan_execution_cost": 0.024010000000000004,
    "total_execution_time": 899.4261770248413,
    "total_execution_cost": 12.633487900000002,
    "output_file": "experiments/reasoning/othersystems/biodex/pz-direct-10pct.json",
    "pipeline_type": "direct",
    "sentinel_strategy": "mab",
    "k": 6,
    "j": 4,
    "sample_budget": 150
  },
  "metadata": {
    "seed": 42,
    "num_texts": 250,
    "unconstrained_cost": 37.8319587,
    "budget_fractions": [
      0.75,
      0.5,
      0.25,
      0.1
    ],
    "budget_targets": {
      "budget_75_percent": 28.373969025,
      "budget_50_percent": 18.91597935,
      "budget_25_percent": 9.457989675,
      "budget_10_percent": 3.78319587
    },
    "sentinel_execution_strategy": "mab",
    "k": 6,
    "j": 4,
    "sample_budget": 150,
    "exp_name": null,
    "system": "palimpzest",
    "pipeline_type": "direct"
  }
}